Account_No,Emp_Id,Management_Date
TPFB385934,SDGH252861,2022-12-28
KKGD325936,PZRC871096,2024-05-26
EWUZ141052,SASY619797,2025-02-17
XEYP045238,YBGD392804,2022-10-30
BKYS867874,ZSFR157806,2023-07-08
XSNL594282,OCEC024234,2022-04-18
EZJL393132,VGDL975729,2022-06-14
GUUN821444,PFTH509793,2022-06-06
HNOU746202,WWWU080388,2025-03-19
RZDX231239,MCNR455252,2025-02-26
NIPF387508,YBGD392804,2025-01-29
KIXL847262,QVRT306357,2022-11-19
HXDM082717,SASY619797,2022-05-16
AKFF299936,ZVCN153811,2024-08-09
HFKU539835,GHUT821478,2023-12-12
MJHA954497,OVSM082896,2025-02-08
OCFB539787,IXSB133344,2022-06-30
AZVY125608,FKZZ084232,2022-08-26
QQSO535852,SRUU529735,2023-07-30
UCSZ951715,BCTB271698,2025-02-12
XLVA143748,FQRZ141128,2023-11-20
SPCT126022,FQRZ141128,2022-05-11
YXVC116612,ZVGD555057,2023-08-23
YOHG930493,SDGH252861,2022-08-25
JYQD242114,IXSB133344,2024-10-15
ETJM209355,VGDL975729,2022-05-21
PAYD371243,MVWL379322,2024-08-30
AICX202706,JLFH158286,2023-09-20
TTBO166906,YUQS206415,2023-06-22
UUAH403010,YFUF776414,2023-03-03
LOSV554623,PLTX017791,2022-11-22
BYDZ810306,SDGH252861,2024-05-22
BRAQ157129,NKOW285353,2022-10-08
DHBO351045,ZVGD555057,2023-12-27
ASNF588576,LZVF232822,2025-01-20
VZYG962746,SASY619797,2023-02-23
PABB466614,YBGD392804,2022-07-11
DIBA493881,FQRZ141128,2025-01-09
TTQB949769,FQRZ141128,2025-03-30
MTRX416612,YBGD392804,2023-02-15
YKNF389949,FKZZ084232,2023-04-13
AGOB878211,ZAUP066901,2023-08-24
WYTS898972,IXSB133344,2024-01-27
CRMI482217,YFUF776414,2025-01-26
FBZA480675,CDIW978879,2023-03-17
YUVC287942,NULX099621,2023-11-27
UBIB953141,RKXH243679,2024-10-29
PJVZ883565,GHUT821478,2023-02-19
JTMM834960,NFHU326058,2022-05-03
DMEF593648,JEFO172662,2022-08-30
QHTB624672,XSUF645633,2022-07-13
CGDS359236,NFHU326058,2022-07-11
KRQD650254,JLFH158286,2022-06-11
GWJI096617,HIKC502528,2024-10-15
BRRX067821,JUCU749161,2022-07-04
MUMI869893,SASY619797,2024-07-09
CKKS450119,PZRC871096,2024-10-24
DCPC603988,IXSB133344,2024-10-14
KLTB670009,WWWU080388,2023-04-13
MVIZ896676,GABA375398,2022-07-25
YOKR097453,GABA375398,2024-08-20
ZEUF654016,JICY899740,2024-03-02
FEJF767746,UZBZ315892,2024-07-01
DCLQ488600,JUCU749161,2022-10-08
EGCF995704,MVWL379322,2022-04-19
BGQI375365,ZSFR157806,2023-08-08
FJED838545,HIKC502528,2024-07-17
XEGC123274,OVSM082896,2022-06-22
VJUU272038,YBGD392804,2023-01-08
ZMHB453069,NULX099621,2024-07-10
ABWZ181677,YUQS206415,2025-01-07
LIIN083851,NULX099621,2023-04-07
YZXV539128,RKXH243679,2023-09-17
QQYE904579,SDGH252861,2025-04-03
CXTR642423,PCQY882237,2023-06-20
DUVR706293,NULX099621,2022-07-23
DAFH200186,JUCU749161,2023-09-16
VPWM108143,OCEC024234,2024-08-05
UCSQ074682,CKPT089458,2024-11-01
YAOY620545,OCEC024234,2023-01-18
NICC065411,MVWL379322,2024-12-09
YTPB890583,YUQS206415,2025-03-09
STMF697083,YFUF776414,2022-07-01
UPZT150596,BCTB271698,2024-12-04
EACE657898,GABA375398,2023-04-06
ZOLK851777,NKOW285353,2022-06-29
VZUR241996,NULX099621,2023-05-26
COBZ454218,BXCT903421,2023-03-22
EELP090016,YFUF776414,2024-12-22
FQFR954001,YBGD392804,2024-03-02
CMRZ507105,SRUU529735,2024-01-22
DVCK261053,VIOK978335,2024-02-02
KVAA741894,EFJX114206,2022-08-29
SGNL294471,IXSB133344,2023-04-25
YXYC045025,LZVF232822,2024-01-22
XLOI835268,JLFH158286,2023-12-16
HWIJ883842,GHUT821478,2023-01-03
OOIW065795,ZVCN153811,2024-07-21
BRKY510740,SDGH252861,2025-01-06
VAEK476022,CDIW978879,2022-05-22
CVEF759500,XSUF645633,2024-06-17
ZUVV947950,ZRNA610656,2022-08-19
BLWX950310,QVRT306357,2022-11-17
AILE036089,LZVF232822,2022-11-12
TFRL535952,XEHU717989,2025-02-24
UAMS680186,HIKC502528,2024-12-25
WGVG944953,YUQS206415,2024-02-09
FULA173654,MVWL379322,2024-06-29
UFVS233451,SRUU529735,2022-07-26
YRRN843021,NULX099621,2023-10-07
OKYS887592,XSUF645633,2024-09-18
NVZF027558,SRUU529735,2023-07-28
CZLF380236,FQRZ141128,2024-03-26
XAVL916118,JICY899740,2025-04-01
SXOW721688,OSTZ230453,2023-05-17
TEQS728454,PLTX017791,2024-03-25
GTJR232204,OCEC024234,2022-04-19
NLST302020,ZVGD555057,2023-10-05
WDHL302816,RBSE616620,2023-03-22
THOO756919,CDIW978879,2022-08-06
XCPJ690298,YBGD392804,2022-08-29
FESC316708,ZSFR157806,2022-06-09
HWME198655,ZSFR157806,2023-10-07
VJTY339650,HIKC502528,2025-03-06
DCJE436258,FQRZ141128,2024-08-13
VTDX962341,EFJX114206,2023-03-09
JOFL058333,ZVGD555057,2025-02-24
LXIL769475,JUCU749161,2023-04-28
PIMM986163,RKXH243679,2022-04-26
SKTJ815269,PLTX017791,2024-11-21
AOIE359142,IXSB133344,2024-02-15
DJYK430796,OSTZ230453,2024-05-25
FEDC587184,YFUF776414,2023-02-23
VUVP017320,QVRT306357,2024-11-08
MVKN337014,YBGD392804,2024-03-09
QVBB027221,GHUT821478,2024-11-30
SWZD368172,WWWU080388,2024-06-04
YMFX092973,RKXH243679,2023-07-08
WYOH938992,CDIW978879,2022-11-16
CQLB761087,MVWL379322,2022-09-08
BDAP126158,QVRT306357,2024-08-27
MPGK742233,HIKC502528,2024-10-08
RVXS222560,GHUT821478,2022-10-24
XPZH118046,OCEC024234,2023-08-06
DURK201362,QVRT306357,2022-11-17
CKXI705549,LZVF232822,2025-02-13
VKKN409196,UYMY891097,2024-01-29
ZAZE042620,HIKC502528,2024-11-11
HYWN967897,ZVCN153811,2023-04-10
HCZT227607,UYMY891097,2024-04-19
GUVS431916,ZAUP066901,2024-01-08
BFDS150576,HIKC502528,2023-10-18
ROMJ486764,JLFH158286,2025-01-14
WBIK006355,QVRT306357,2022-05-28
OOCD952963,VGDL975729,2022-09-22
FQFO636431,JLFH158286,2024-01-03
JNVN345443,GHUT821478,2024-05-07
YTHW449743,SASY619797,2024-02-06
SKQN297398,FKZZ084232,2024-04-27
EBWF170754,JICY899740,2025-03-21
EBHA044964,UZBZ315892,2022-09-13
DEYD375658,OVSM082896,2024-06-12
CSTG145843,SASY619797,2024-05-22
BGJF362203,MVWL379322,2024-04-26
JHVO968680,PCQY882237,2023-12-23
UCUV774174,FQRZ141128,2022-10-25
FFRT466527,ZAUP066901,2025-01-30
AEKM913303,PFTH509793,2024-07-16
VNZO507627,PLTX017791,2024-08-04
BCFH984723,UZBZ315892,2023-03-16
SZXZ017222,NKOW285353,2024-01-09
DPUU754619,ZVGD555057,2023-04-15
ZVPU258122,PCQY882237,2024-02-14
QXXE373379,NULX099621,2024-08-07
BHWL869017,ZRNA610656,2024-07-09
TIWL295171,LZVF232822,2025-02-09
FALJ221626,XSUF645633,2025-02-12
JJOA488789,SASY619797,2023-10-21
MYQV519537,LCZE724553,2022-05-22
NHIF777522,PFTH509793,2022-08-28
ZTEA592294,OVSM082896,2025-01-25
VWSM363726,LCZE724553,2023-12-20
TQAU851331,YUQS206415,2025-01-02
UCFE121548,OVSM082896,2022-12-20
ADYS185488,QVRT306357,2024-03-28
POUQ735856,RBSE616620,2023-12-28
FDTE622132,PCQY882237,2023-01-06
DJXP891179,JLFH158286,2024-10-19
DUFQ318003,YBGD392804,2022-12-16
FRKG863105,FQRZ141128,2023-01-24
RWFN929900,PCQY882237,2024-02-03
GQTM337618,RBSE616620,2024-02-14
JYDA132823,FKZZ084232,2024-02-18
TXCQ750677,HIKC502528,2024-03-03
DUIH192797,PZRC871096,2024-06-21
HRWJ572026,JLFH158286,2025-03-22
KOGJ989925,EFJX114206,2024-06-21
AOIU729669,RBSE616620,2022-05-01
ZTOJ748599,ZRNA610656,2024-09-15
OHJO853698,BCTB271698,2025-04-04
ZTFV860521,WWWU080388,2025-03-17
BARF484581,MCNR455252,2023-02-10
VRRH997418,VGDL975729,2024-03-09
BVLX661995,XEHU717989,2025-01-07
ORVJ679087,XEHU717989,2023-12-21
GNLW103444,FKZZ084232,2022-08-25
RMLF406221,ZVGD555057,2023-12-18
FFDT053347,YFUF776414,2023-08-31
KLTH965213,JUCU749161,2023-01-01
GDFW900362,LCZE724553,2023-01-29
IRUR395855,FKZZ084232,2024-08-15
DMDQ575917,CDIW978879,2025-01-03
OOJI735352,ZVCN153811,2024-11-04
ZSOG449305,PZRC871096,2025-02-27
CZCW338926,BXCT903421,2024-07-27
RPGA486251,NFHU326058,2024-11-15
PZZZ801891,XSUF645633,2022-04-15
OXMF969143,BXCT903421,2024-04-03
KBTS990010,LZVF232822,2023-07-10
WKFD189684,OSTZ230453,2024-10-02
TXOS572857,YFUF776414,2024-10-06
COXS789124,BCTB271698,2023-04-24
QJIK143672,PLTX017791,2023-08-20
KYNR119397,SDGH252861,2024-09-08
UFDO790552,WWWU080388,2024-07-23
XQRY070532,NFHU326058,2022-09-25
ESPJ255136,GHUT821478,2022-11-10
JKBE437361,GHUT821478,2023-08-29
LQXT693353,MVWL379322,2023-09-26
OVHC566397,JICY899740,2024-12-05
TBVE837727,NFHU326058,2024-04-23
FQCM441610,BXCT903421,2024-04-29
LDBG880273,IXSB133344,2024-04-05
UIVI718939,IXSB133344,2022-12-06
WYVT092288,YBGD392804,2024-02-16
KRXO271743,YUQS206415,2023-08-28
BGJG988187,SASY619797,2024-11-06
YPOA413090,PFTH509793,2024-05-23
ELIZ204123,PCQY882237,2023-11-25
CABW794193,BCTB271698,2023-07-18
JDUE248709,UYMY891097,2022-05-22
CPJZ224043,NFHU326058,2024-08-13
QNDW630702,QVRT306357,2023-01-30
ZHMZ621953,MCNR455252,2024-08-26
BDPH259007,GHUT821478,2023-11-08
GRMS087167,RKXH243679,2024-07-18
SFRZ170744,OSTZ230453,2022-05-22
CUMA252394,XEHU717989,2023-08-19
AGVF655132,FKZZ084232,2022-05-29
LWLS851602,JICY899740,2022-08-04
MYWJ986478,PLTX017791,2023-07-09
IJOI083781,NULX099621,2022-10-24
JBBM983692,BCTB271698,2024-02-27
QFDH986546,OSTZ230453,2022-09-30
ALKA330000,YUQS206415,2023-12-07
AAQQ991141,PZRC871096,2023-09-08
PGOX989790,JICY899740,2024-05-03
MHBB099843,UZBZ315892,2024-08-17
CVTR545829,WWWU080388,2024-10-05
HINN075699,PZRC871096,2023-01-31
DBRE402818,JLFH158286,2024-09-18
BQLQ174527,OSTZ230453,2022-07-31
JCFT182851,OVSM082896,2022-11-16
MDBB792304,JICY899740,2024-10-16
CACX232961,VGDL975729,2023-10-13
NYKH446042,SRUU529735,2023-12-20
HALP347243,RBSE616620,2023-10-11
DXVE726708,NULX099621,2022-09-05
NROQ494771,ZSFR157806,2024-07-22
QSPJ223543,ZVGD555057,2024-07-19
ZUNI952549,MVWL379322,2024-02-28
PYGR818273,NKOW285353,2022-08-16
FXCQ849680,BXCT903421,2025-01-15
LJGV412301,UZBZ315892,2022-10-08
WXUQ600320,SDGH252861,2023-08-06
ZIBA347131,UYMY891097,2024-07-08
EYLV908419,OSTZ230453,2024-02-08
HKQF107288,YFUF776414,2022-06-14
DNDN088197,OSTZ230453,2022-07-10
RGPK307681,IXSB133344,2025-01-20
AFUI432362,WWWU080388,2023-10-26
IMVP067516,JLFH158286,2022-06-20
NJEM107033,RKXH243679,2022-04-20
SEJR481300,IXSB133344,2024-11-06
LCMP586463,MVWL379322,2023-01-24
DYIP642789,OCEC024234,2023-05-25
ERYC775123,ZAUP066901,2023-06-07
UBYV972360,BCTB271698,2024-10-23
LCOD073087,HIKC502528,2025-04-11
GDPK438027,NFHU326058,2024-12-31
FKIY686272,ZRNA610656,2023-01-20
UMVG271353,OCEC024234,2024-07-04
XQPT060488,ZVCN153811,2024-03-08
ZAVQ927396,SASY619797,2024-09-01
XKNO078977,XEHU717989,2024-05-16
IEFP362732,MCNR455252,2023-10-09
PNTD716204,PLTX017791,2025-01-01
HBLF169039,UZBZ315892,2024-04-02
VMIP106801,RKXH243679,2022-06-30
VABJ933267,GABA375398,2024-12-12
ZONH808390,VIOK978335,2023-04-10
WTHX932727,LCZE724553,2025-01-06
JYSN026676,GABA375398,2022-05-09
TXUS507088,BXCT903421,2022-11-19
AVWD929022,VIOK978335,2024-10-15
SHFF533320,SRUU529735,2023-02-12
TXHK450369,RBSE616620,2022-05-11
HMFS620805,PFTH509793,2022-10-22
OYKY965999,PZRC871096,2022-09-18
JSLI210629,JEFO172662,2022-12-02
MOCW317536,QVRT306357,2023-09-24
EWAT617300,PLTX017791,2024-12-23
WDCL355051,ZVCN153811,2022-05-04
OPSO247925,YBGD392804,2022-07-22
WRZD920487,IXSB133344,2025-01-08
SSRN515902,MCNR455252,2024-06-09
ZZLX883825,VGDL975729,2023-12-13
VSYF543551,WWWU080388,2024-12-10
RFLX624728,ZSFR157806,2022-06-09
CJSS290096,OVSM082896,2024-05-19
SLNG217400,IXSB133344,2023-06-15
RTFE247119,NFHU326058,2023-01-04
BKMI616076,VIOK978335,2024-09-17
OFGI617623,LCZE724553,2022-05-19
NJEG165441,EFJX114206,2023-12-28
BNWG494290,YFUF776414,2025-02-04
CPTT932420,NKOW285353,2025-01-07
FHIL653869,UZBZ315892,2024-11-02
MYEN890472,NFHU326058,2023-10-01
KUKP421643,PZRC871096,2022-12-01
VNBJ761437,ZVGD555057,2023-01-20
RYOU564672,IXSB133344,2022-12-21
XTSB027729,NKOW285353,2023-04-01
HLNY605033,PFTH509793,2023-02-01
OVGA671822,ZVGD555057,2024-01-07
OQUQ653859,OCEC024234,2024-11-08
QWTQ760550,IXSB133344,2023-03-07
YWYC867066,SRUU529735,2022-10-15
SSFY891982,XSUF645633,2024-12-23
XARN494269,XEHU717989,2024-09-01
KJVU901459,NFHU326058,2022-05-08
OGAL498243,PCQY882237,2023-12-02
NPQA664315,SDGH252861,2022-12-31
KAGO017092,JEFO172662,2022-06-18
QUCO262829,XSUF645633,2022-05-05
EQQV959274,MVWL379322,2024-05-27
DFZP662080,PZRC871096,2024-12-31
FNGV444359,XEHU717989,2023-02-11
XJZV242536,ZAUP066901,2022-05-14
RISO603967,NFHU326058,2022-11-11
HWYN481875,VGDL975729,2023-05-25
SOPH854662,MCNR455252,2023-01-07
QNJS125949,JEFO172662,2023-12-02
NSTE066617,YBGD392804,2025-01-19
ESXT833587,YBGD392804,2024-01-31
AJDH482084,ZRNA610656,2022-11-15
EEMA001440,FQRZ141128,2023-05-22
CGJD038975,XEHU717989,2025-04-08
VMJF240592,RBSE616620,2024-09-22
TZDT489629,NFHU326058,2024-03-14
HUAO966186,ZVCN153811,2023-10-30
DWFK313795,YBGD392804,2023-04-20
PLBH619202,NFHU326058,2024-04-12
OBGJ244474,GABA375398,2024-12-25
EYHK107651,GABA375398,2023-07-05
FRSL145634,SRUU529735,2022-05-22
CXXZ157449,IXSB133344,2025-04-01
JASH045418,PCQY882237,2023-09-03
GSMM203858,EFJX114206,2024-05-21
FTWK164693,FQRZ141128,2025-03-21
IAQQ067089,IXSB133344,2022-09-03
RXWU431132,VIOK978335,2025-01-05
KFZM321196,NFHU326058,2023-06-18
APPI544708,HIKC502528,2023-07-31
XHSI676626,YBGD392804,2023-12-12
MCXR402578,YFUF776414,2025-02-07
BMMH605028,OSTZ230453,2024-10-28
BSDF030252,FKZZ084232,2023-11-05
TLHD926009,UYMY891097,2024-01-07
ZIUS205489,WWWU080388,2025-03-02
DWRT655834,IXSB133344,2024-05-23
TPBK660361,UYMY891097,2023-05-16
EYNM023515,ZAUP066901,2022-06-30
XUCN715605,PZRC871096,2023-11-25
HSKJ794064,SDGH252861,2024-08-04
SXCY898664,PZRC871096,2024-05-18
WTPI876805,QVRT306357,2023-03-03
ZUDS220956,ZVGD555057,2023-10-28
SMJI028253,UZBZ315892,2025-01-11
HTWF385202,UYMY891097,2023-07-30
HYZF844234,MCNR455252,2023-05-12
KCKI526075,PZRC871096,2023-11-13
WMZJ332262,FQRZ141128,2023-03-20
WBMM470703,SDGH252861,2023-05-14
QZJE410740,YUQS206415,2023-09-09
NELS062003,UZBZ315892,2022-07-24
IKTP931839,XSUF645633,2023-06-24
NBSX955049,CDIW978879,2023-11-26
IMDE128981,YFUF776414,2025-01-25
CFVO622398,HIKC502528,2024-02-09
