Payment_No,Payment_Date,Payment_date,Payment_Amount,Payment_amount,Loan_No
LYUN582608,2025-02-19,2025-02-19,4317.28,4317.28,KKRE126264
YZCE886691,2025-01-12,2025-01-12,1930.59,1930.59,GDSH489180
FZMC197892,2024-08-16,2024-08-16,2038.42,2038.42,LQDU660284
LWGF554411,2024-09-06,2024-09-06,1749.15,1749.15,PGJC146133
QAVK203881,2024-06-24,2024-06-24,768.61,768.61,HJOE839516
IPCI622014,2025-02-09,2025-02-09,3688.52,3688.52,BYWX822421
FOFR360308,2024-05-26,2024-05-26,3980.03,3980.03,XAZB935820
VVPN183762,2024-09-23,2024-09-23,3280.98,3280.98,TNPI627205
DPEB488868,2024-06-24,2024-06-24,3565.2,3565.2,LUMF699620
VFMJ564967,2024-07-09,2024-07-09,3498.45,3498.45,ESVW441492
VYHT064909,2025-01-16,2025-01-16,3956.26,3956.26,VBDD547734
VBDR158913,2024-10-05,2024-10-05,3361.11,3361.11,VQZU028606
FDKH193625,2024-07-29,2024-07-29,1954.08,1954.08,LUMF699620
YARW875480,2025-01-23,2025-01-23,3473.64,3473.64,FQKK162159
JGVT106573,2025-02-28,2025-02-28,970.77,970.77,VYKK766345
YWWL102140,2024-07-06,2024-07-06,4749.06,4749.06,KTIJ102387
QUSW799035,2024-09-02,2024-09-02,2018.85,2018.85,YVYH859747
BLNQ709412,2024-06-26,2024-06-26,4829.4,4829.4,THNM357967
HYUU895337,2025-02-21,2025-02-21,992.2,992.2,CLGT885217
VNBA643459,2024-10-10,2024-10-10,4613.09,4613.09,HJOE839516
ISZN757451,2024-06-20,2024-06-20,1182.39,1182.39,VBDD547734
OXZG181560,2025-01-10,2025-01-10,610.14,610.14,YVYH859747
LSWJ761110,2025-03-25,2025-03-25,789.15,789.15,TNPI627205
XLNK728972,2024-12-30,2024-12-30,481.25,481.25,ZNPH558960
AYGS098468,2025-01-02,2025-01-02,4913.66,4913.66,FWRA183235
UWNC382687,2025-04-06,2025-04-06,3217.32,3217.32,BYWX822421
BYUG996263,2024-10-11,2024-10-11,4126.14,4126.14,WTFJ219597
YHLD289622,2024-09-30,2024-09-30,3231.6,3231.6,LQDU660284
VYHB239934,2024-06-26,2024-06-26,2288.49,2288.49,AZRI886865
HVAM952357,2025-01-12,2025-01-12,1127.45,1127.45,MWIG016556
KHPW006448,2024-10-26,2024-10-26,432.19,432.19,SKBQ374560
SUYY804255,2024-05-28,2024-05-28,3956.4,3956.4,MWIG016556
JELK078688,2025-02-02,2025-02-02,106.28,106.28,FQKK162159
FDHC701958,2024-06-02,2024-06-02,2247.28,2247.28,PKEC353175
QYPF873142,2024-11-18,2024-11-18,4848.6,4848.6,KHIT655156
VSMJ416033,2025-04-03,2025-04-03,2516.1,2516.1,KHIT655156
CWBF874512,2024-08-16,2024-08-16,1821.03,1821.03,PKEC353175
ICMI879210,2024-09-02,2024-09-02,597.0,597.0,PKEC353175
FMVV974420,2024-08-29,2024-08-29,3964.78,3964.78,LZQM671554
ZGGA958723,2025-04-09,2025-04-09,3289.75,3289.75,YVYH859747
IKOT232671,2025-03-14,2025-03-14,1205.36,1205.36,JAOD469714
LBXD967972,2024-05-20,2024-05-20,461.18,461.18,FIEE848349
RERX523329,2024-05-29,2024-05-29,1545.05,1545.05,CLGT885217
FSDK855116,2024-10-26,2024-10-26,1379.53,1379.53,HJOE839516
ZOKO414248,2025-03-30,2025-03-30,463.58,463.58,PGJC146133
CQRH124977,2024-12-02,2024-12-02,4450.86,4450.86,BYWX822421
JGUK497872,2024-12-15,2024-12-15,3686.73,3686.73,BYWX822421
QVUB299034,2024-07-08,2024-07-08,4714.99,4714.99,ESVW441492
UAXB940916,2024-05-02,2024-05-02,1755.96,1755.96,WTFJ219597
MWYW225492,2024-09-17,2024-09-17,4476.81,4476.81,VBDD547734
IUBD527311,2025-01-16,2025-01-16,251.87,251.87,OLTV001706
KNSZ001842,2025-03-15,2025-03-15,908.49,908.49,GTVK232855
JFFS835966,2025-02-18,2025-02-18,869.81,869.81,XAZB935820
NYFX473650,2024-06-16,2024-06-16,1722.36,1722.36,PGJC146133
UBNJ761442,2025-01-11,2025-01-11,2105.47,2105.47,SHEV572287
JFUH169792,2025-01-15,2025-01-15,3637.99,3637.99,ESVW441492
JHVS690453,2024-06-28,2024-06-28,2746.61,2746.61,FQKK162159
OGHZ813307,2024-08-20,2024-08-20,1479.46,1479.46,LQDU660284
JDFE474098,2024-09-24,2024-09-24,569.99,569.99,ZLJP476950
KCMB232510,2024-04-30,2024-04-30,2901.67,2901.67,WOIC148626
SIUW042245,2025-02-19,2025-02-19,852.59,852.59,TNPI627205
LCEK380781,2025-02-22,2025-02-22,118.7,118.7,VNPN780964
IYCT715755,2024-12-06,2024-12-06,1543.29,1543.29,WTFJ219597
NHAZ616218,2024-07-29,2024-07-29,3162.95,3162.95,LQDU660284
CKBJ205986,2024-09-29,2024-09-29,1078.41,1078.41,LZQM671554
VGWN080901,2024-06-25,2024-06-25,1114.07,1114.07,JDGC351830
PQQQ818930,2024-06-09,2024-06-09,1529.88,1529.88,LLOQ564135
QPWR518569,2024-09-18,2024-09-18,2420.5,2420.5,WTFJ219597
YFMP280072,2024-11-07,2024-11-07,1610.93,1610.93,BGBZ440778
GOGL640783,2024-12-14,2024-12-14,2407.63,2407.63,WOIC148626
TSUS514549,2025-02-02,2025-02-02,1398.52,1398.52,LQDU660284
SBNM886751,2024-07-24,2024-07-24,2766.22,2766.22,GTVK232855
BLVT563431,2024-09-27,2024-09-27,1918.0,1918.0,LUMF699620
LQLN533777,2024-06-04,2024-06-04,1910.07,1910.07,PKEC353175
SZFN154872,2024-05-25,2024-05-25,318.62,318.62,FIEE848349
KAVB549080,2024-08-21,2024-08-21,2378.78,2378.78,FIEE848349
QQPE461630,2024-07-14,2024-07-14,4201.69,4201.69,VQZU028606
CJHK294930,2024-11-24,2024-11-24,402.03,402.03,YVYH859747
NYME897351,2024-07-27,2024-07-27,3512.71,3512.71,YCGH513901
KUMB022302,2025-02-09,2025-02-09,519.97,519.97,PGJC146133
LCVL890418,2024-06-23,2024-06-23,4060.08,4060.08,FWRA183235
WRZD239278,2024-04-29,2024-04-29,4856.46,4856.46,KHIT655156
ZGNC527695,2024-09-08,2024-09-08,1214.81,1214.81,LKJX943436
IWRE488631,2025-02-17,2025-02-17,4219.91,4219.91,JWVZ128655
CDRB266914,2024-07-09,2024-07-09,2151.3,2151.3,KKRE126264
IOZZ189119,2024-04-22,2024-04-22,3466.63,3466.63,AORT075199
RRVY341034,2024-09-18,2024-09-18,2906.3,2906.3,LZQM671554
RUDJ051325,2025-03-12,2025-03-12,2433.69,2433.69,ZLJP476950
LNAS406714,2024-10-25,2024-10-25,2034.54,2034.54,WTFJ219597
ZZLY645722,2024-07-24,2024-07-24,270.17,270.17,OLTV001706
HGOI499987,2024-04-23,2024-04-23,4512.23,4512.23,YVYH859747
TJCF641060,2025-01-28,2025-01-28,3419.92,3419.92,YVYH859747
LPMH101089,2024-04-30,2024-04-30,822.49,822.49,VBDD547734
BMJA047486,2024-09-13,2024-09-13,2300.29,2300.29,YCGH513901
QIQC703610,2024-07-27,2024-07-27,4863.61,4863.61,BYWX822421
PKSJ933078,2024-12-22,2024-12-22,718.31,718.31,SHEV572287
ITAF144415,2024-04-27,2024-04-27,484.01,484.01,XAZB935820
VQJV965523,2024-12-27,2024-12-27,2233.43,2233.43,JAOD469714
AYBJ999266,2025-03-31,2025-03-31,824.6,824.6,LLOQ564135
OGSJ624872,2024-05-23,2024-05-23,1363.64,1363.64,XASI907634
PVZM871413,2024-06-11,2024-06-11,4579.45,4579.45,FQKK162159
BNAL581735,2025-04-11,2025-04-11,526.43,526.43,GDSH489180
MWZS893546,2024-04-22,2024-04-22,2047.04,2047.04,ESVW441492
JVUU557039,2024-05-22,2024-05-22,4297.46,4297.46,HJOE839516
SELK290509,2025-01-28,2025-01-28,2344.97,2344.97,KKRE126264
KNCN197384,2024-05-15,2024-05-15,3954.1,3954.1,KTIJ102387
VXRQ238469,2024-05-01,2024-05-01,2979.12,2979.12,VBDD547734
BIVI817736,2024-05-11,2024-05-11,651.34,651.34,KHIT655156
QREE063186,2025-02-06,2025-02-06,826.18,826.18,TTIK206419
NIYD693683,2024-06-25,2024-06-25,2955.12,2955.12,LKJX943436
HEHZ919325,2024-04-18,2024-04-18,4632.15,4632.15,PGJC146133
THOS499952,2025-03-23,2025-03-23,3919.77,3919.77,YVYH859747
QIYH686811,2025-01-03,2025-01-03,4350.63,4350.63,RMAI794719
WQAK877155,2024-12-03,2024-12-03,4401.68,4401.68,FWRA183235
TBFL912046,2025-04-08,2025-04-08,1976.91,1976.91,MWIG016556
AGEG584180,2025-01-19,2025-01-19,2902.91,2902.91,TNPI627205
YHXO939579,2024-10-11,2024-10-11,283.58,283.58,LZQM671554
CCCP367038,2025-01-02,2025-01-02,2074.57,2074.57,XMLN993136
LRJX233008,2024-06-14,2024-06-14,3082.41,3082.41,VBDD547734
UIUR287321,2024-06-16,2024-06-16,2068.43,2068.43,SKBQ374560
WNLY485220,2024-07-11,2024-07-11,4458.91,4458.91,WOIC148626
ERPI162796,2024-08-05,2024-08-05,3483.52,3483.52,AZRI886865
CVWA051081,2024-08-19,2024-08-19,3754.17,3754.17,JWVZ128655
WBAG607223,2024-07-02,2024-07-02,4495.45,4495.45,XMLN993136
EUIG753916,2025-01-03,2025-01-03,1755.54,1755.54,JDGC351830
DNZN968740,2024-07-07,2024-07-07,1623.65,1623.65,QSZY538294
MDNM497008,2024-04-20,2024-04-20,4305.35,4305.35,TNPI627205
NJES628092,2024-10-20,2024-10-20,581.27,581.27,JAOD469714
NTSW613152,2025-02-20,2025-02-20,758.49,758.49,VQZU028606
QRGO743540,2024-08-16,2024-08-16,2271.24,2271.24,ZNPH558960
YDCD525586,2024-05-01,2024-05-01,1420.16,1420.16,HJOE839516
HCOI890304,2024-04-28,2024-04-28,3064.4,3064.4,KHIT655156
CZJE293554,2024-09-27,2024-09-27,1020.88,1020.88,WTFJ219597
KOPT911379,2024-10-02,2024-10-02,4575.82,4575.82,KTPX243871
IKYV116089,2024-10-01,2024-10-01,3730.63,3730.63,KHIT655156
DYGG689600,2024-06-22,2024-06-22,2630.86,2630.86,YCGH513901
SQST307461,2024-12-15,2024-12-15,4122.99,4122.99,VNPN780964
DUKW603387,2024-10-11,2024-10-11,3978.3,3978.3,WQLN728502
MQUD843976,2024-10-28,2024-10-28,1624.5,1624.5,GDSH489180
JTST445744,2024-11-27,2024-11-27,2076.59,2076.59,WQLN728502
MUYK434759,2024-06-04,2024-06-04,4271.35,4271.35,THNM357967
TQKU907996,2024-07-03,2024-07-03,241.85,241.85,YVYH859747
VZRC678434,2024-09-21,2024-09-21,4388.38,4388.38,SHEV572287
DVUG500788,2024-09-10,2024-09-10,4201.19,4201.19,SHEV572287
JAHG699952,2024-08-15,2024-08-15,262.05,262.05,ZLJP476950
GFOH551497,2024-08-13,2024-08-13,4598.35,4598.35,JWVZ128655
PPCJ695093,2024-07-26,2024-07-26,1075.64,1075.64,OLTV001706
NDPI136445,2024-04-28,2024-04-28,4135.18,4135.18,VNPN780964
HVTC270650,2024-11-17,2024-11-17,2045.02,2045.02,WQLN728502
WUAL644685,2024-12-23,2024-12-23,3437.75,3437.75,BGBZ440778
BENG560777,2024-08-20,2024-08-20,1925.09,1925.09,ZLJP476950
GSXT046008,2025-03-12,2025-03-12,2285.91,2285.91,XASI907634
FVFE097550,2024-04-19,2024-04-19,2975.71,2975.71,LZQM671554
XCKV120039,2025-04-04,2025-04-04,1786.82,1786.82,FWRA183235
FDMF183339,2024-10-14,2024-10-14,3769.91,3769.91,MWIG016556
KHAP122600,2024-04-13,2024-04-13,542.92,542.92,SKBQ374560
OYBK498578,2024-06-22,2024-06-22,1994.17,1994.17,JDGC351830
FWVQ012698,2024-06-10,2024-06-10,4283.72,4283.72,BYWX822421
EXIP609606,2024-08-16,2024-08-16,4828.1,4828.1,THNM357967
OROW477884,2024-07-06,2024-07-06,3272.16,3272.16,VQZU028606
OYBN129889,2024-10-11,2024-10-11,1112.98,1112.98,JAOD469714
TEQZ261641,2025-02-15,2025-02-15,2106.59,2106.59,GTVK232855
NBKM688031,2025-04-13,2025-04-13,4336.69,4336.69,JDGC351830
SQGD242853,2024-10-11,2024-10-11,3442.78,3442.78,THNM357967
TRVI808701,2024-05-16,2024-05-16,4566.43,4566.43,LZQM671554
POUD074043,2024-04-28,2024-04-28,948.68,948.68,GTVK232855
WEUJ610511,2024-10-05,2024-10-05,1196.47,1196.47,KTIJ102387
XLAX205025,2024-11-14,2024-11-14,4044.92,4044.92,XASI907634
AVFT759974,2024-05-14,2024-05-14,3592.43,3592.43,QSZY538294
JIYF526942,2025-01-28,2025-01-28,3249.43,3249.43,OLTV001706
JBZZ513379,2024-10-01,2024-10-01,4487.87,4487.87,XAZB935820
DXVM085571,2024-11-06,2024-11-06,2349.09,2349.09,FWRA183235
MQQC449908,2025-01-19,2025-01-19,2386.82,2386.82,KTPX243871
LOII509998,2024-12-30,2024-12-30,2651.13,2651.13,JAOD469714
XSDD110851,2024-10-01,2024-10-01,2046.05,2046.05,VBDD547734
HFCH596183,2024-11-30,2024-11-30,136.0,136.0,PGJC146133
VNIE597205,2024-06-09,2024-06-09,4835.78,4835.78,LQDU660284
DWTE147498,2025-03-14,2025-03-14,2851.14,2851.14,VNPN780964
ODPX847214,2024-07-18,2024-07-18,3084.35,3084.35,XASI907634
ILZE926769,2025-02-21,2025-02-21,3453.62,3453.62,QSZY538294
PKJI584741,2025-04-13,2025-04-13,412.8,412.8,LZQM671554
AWKT627519,2024-09-21,2024-09-21,3238.91,3238.91,XMLN993136
IQJZ479365,2024-06-11,2024-06-11,1379.62,1379.62,XMLN993136
EWHB706594,2025-01-11,2025-01-11,4765.72,4765.72,OLTV001706
EOUJ330372,2025-01-12,2025-01-12,1564.08,1564.08,GTVK232855
LNGC121380,2025-03-17,2025-03-17,2634.74,2634.74,TTIK206419
CKWJ598586,2024-09-21,2024-09-21,4508.47,4508.47,ZLJP476950
AFUR825212,2025-04-09,2025-04-09,2080.08,2080.08,XASI907634
MSWT842882,2024-07-27,2024-07-27,3435.7,3435.7,HJOE839516
VHVF988712,2024-05-13,2024-05-13,224.73,224.73,FQKK162159
EZOX786268,2024-08-04,2024-08-04,4987.6,4987.6,TNPI627205
HEAQ778347,2025-01-18,2025-01-18,4543.87,4543.87,MWIG016556
ULYY573562,2024-12-16,2024-12-16,2002.55,2002.55,WOIC148626
KQLW973027,2024-07-04,2024-07-04,2956.82,2956.82,CLGT885217
FZIB255546,2025-01-13,2025-01-13,4098.47,4098.47,YVYH859747
DNPR815964,2024-05-23,2024-05-23,3660.09,3660.09,AZRI886865
JIQV467332,2024-04-16,2024-04-16,3462.96,3462.96,VQZU028606
ROWO006239,2024-08-27,2024-08-27,3946.0,3946.0,LLOQ564135
PNAU895301,2024-04-25,2024-04-25,1856.64,1856.64,LQDU660284
XQPC628335,2024-07-15,2024-07-15,4242.55,4242.55,QSZY538294
