Phone_Number,Customer_Id,Phone_Type
+1-312-497-5191x023,HYQD664969,Other
710-563-3016,JPRD291428,Work
337.492.7490x7280,GEHQ223116,Other
442.789.3113,HZCO456424,Other
001-532-269-4968x43645,NYYA375482,Work
+1-944-221-0175x0961,HIGK175183,Home
001-715-995-9194x5757,XAGO583094,Other
775-883-3920x5677,GZRT888167,Other
877.722.6602x562,XXEQ843188,Other
8629292310,QICZ560821,Home
(645)530-7624,ATTY613273,Home
779.376.6270,CNTF845115,Other
557-894-2387,QICZ560821,Mobile
604.725.4969x1928,EXMK511047,Work
001-752-559-7107x5633,MGOZ351609,Work
574-585-9532x59399,YEJO286333,Other
997.905.8162x9518,LFIY191380,Other
+1-541-276-3425x073,ZBMU489090,Mobile
359-678-2457x59833,FFAT124186,Work
001-403-688-4366x0443,JSKQ887947,Other
4069157276,XZHW802146,Home
001-251-347-4397x42925,XVQC685054,Home
2588752568,LEIG106903,Work
+1-256-425-9045x9908,KIQO099861,Other
311.822.1823x1555,GWEQ980271,Other
417-368-0866x28137,JPRD291428,Other
001-443-430-8003x70033,CNTF845115,Work
555.266.0847x06810,RXKO002720,Home
439.870.5195,XPYE870320,Mobile
828.409.4485,SUZT996636,Mobile
694.953.5461,BTKF004615,Other
8793863210,KBAE921851,Work
001-633-594-3945x7039,ATRQ138585,Work
404.903.2537x65769,SNFV185188,Home
689.243.1910x0900,NCFA878057,Mobile
676-892-1053x3651,SNFV185188,Home
+1-404-201-4247x3107,KOEA765024,Other
913-379-8440,ETRG954296,Work
001-223-216-6007x6762,SNFV185188,Home
+1-814-947-3404x33700,IOBD204556,Home
404.751.9577,EJUJ079311,Home
+1-658-482-5562x96575,ATTY613273,Work
+1-478-265-6194x25577,TGJW172232,Home
282-395-8292x36161,XIKT196639,Work
001-704-782-3571,IDRC563268,Home
+1-568-963-9561,LPUR360914,Home
(530)881-7214,OYOV725199,Mobile
338-613-0004x1321,UNXK939836,Work
616.856.0945x653,HYQD664969,Mobile
+1-697-999-0707x550,FUZK699611,Mobile
(981)669-9570x6071,BQDQ661794,Work
+1-911-231-7653,HYQD664969,Mobile
348-473-9610x29087,TZHQ597779,Mobile
949.668.0491x872,NIPC246335,Home
(504)995-6121,ANOW974034,Other
530.962.6042x3597,SADT358895,Home
001-811-222-2990x775,GYFP877470,Work
001-385-381-6704x686,FKYM258896,Mobile
245-476-8321,MYYE218909,Mobile
992-337-8584,URIE498182,Work
+1-729-261-8033x24260,AKMS659171,Mobile
501.984.9804x25373,PMLR617932,Other
373.912.6881x2282,JFEV711332,Mobile
819.223.6534x60605,HCSA368900,Home
856.479.3279,UQOU209628,Mobile
898.347.1690,VVBC382412,Home
+1-712-605-4647,MQJU866618,Mobile
+1-495-947-8769,VSWQ250714,Home
517-758-8914x44498,LMEM149915,Work
539-435-4358x64496,JHQI046084,Mobile
001-543-558-8537x98214,YLTU025176,Work
+1-752-475-3674x978,ODMA736077,Mobile
991-941-6860x134,QCDF880133,Mobile
+1-894-989-6340,FKYM258896,Other
+1-217-366-5122x150,FPCV950052,Home
218-384-2163x090,LEIG106903,Other
594-446-3339x99485,TTIT993933,Home
2894532638,NPDN572628,Mobile
599-547-1136,XOOM755562,Work
892.923.4103x469,YYJN753612,Mobile
831.216.7726,URMF565270,Other
+1-943-876-8550,NKYJ235677,Other
793.752.1962x633,TUMB962626,Home
(243)843-6970x9317,KJXW793564,Home
001-355-860-7676,HFSU715096,Work
553-245-4722x398,JFEV711332,Home
(650)931-2198x0418,AKMS659171,Work
(442)364-2364,IVWL319433,Work
819.409.2487,WHQR516060,Mobile
303.991.1142,DMOK677002,Home
+1-452-628-2305,FQYX938911,Work
708.680.6220x72239,SPGY642480,Work
237.621.3290x162,UQOU209628,Home
887.668.8687x859,GZRT888167,Other
862.887.2031x95419,LPUR360914,Work
(445)605-7303x6279,KLFP636556,Work
(932)403-7476x7753,GKNS725217,Other
(603)721-4505x76619,LQQI247451,Work
487.607.1553x48201,WNNB144485,Mobile
7089385076,XXEQ843188,Work
(295)345-0891x776,JOPA538338,Work
(865)674-2231,GPDO173189,Home
(830)604-0236x9362,RXKO002720,Home
901.420.4713,IKUZ086403,Work
+1-771-417-5957x49885,FSIA572025,Other
+1-998-849-3306x74584,WUHA147195,Mobile
5949412833,LHUA214656,Work
(718)685-6669,LQQI247451,Work
832-897-1506,NUZR314727,Mobile
(967)905-5143,BWQE771812,Home
(793)866-3439x2529,XOOM755562,Mobile
311-410-2867,WUHA147195,Other
3072202455,IGQT760740,Mobile
(245)510-9109,LDVL850643,Home
(367)614-9498,UNXK939836,Work
(517)694-2817,IDRC563268,Mobile
6658277584,TTVU809402,Home
(434)353-3722x01091,EJUJ079311,Other
322.614.5593x766,QBVL626565,Mobile
001-637-805-2635x100,CHGF541107,Home
(777)465-7256,ENGT343626,Work
4245617520,PGDB967899,Home
297.343.2600x55955,KIRL741721,Other
583.832.5848x6899,NPDN572628,Work
001-307-998-4870x45069,DMOK677002,Other
(679)893-5937x44039,URIE498182,Mobile
308-630-3736x060,SADT358895,Mobile
+1-586-608-4907,VVBC382412,Home
001-913-268-5283x06153,PYBB934596,Mobile
524-424-4626,FKYM258896,Mobile
(314)648-8112x103,UQOU209628,Other
(317)951-8878,ONHF909279,Other
+1-394-315-1526x38409,AVCK343324,Mobile
(225)728-8375,NKYJ235677,Work
(961)986-3239x7913,MGOZ351609,Other
(755)830-0730x9505,UQOU209628,Other
001-905-971-2198x8192,IGQT760740,Work
+1-885-619-0534,CBIT670667,Mobile
7108424624,TGJW172232,Home
285-617-4460,JNWL190986,Mobile
321-428-9915x11455,ZXUL088210,Other
001-339-613-0448,IDRC563268,Mobile
+1-641-260-4615,KFAM506373,Other
(711)890-1707,HWHO933756,Work
+1-414-429-8315,QVTB972832,Other
+1-691-507-3228x3608,WNNB144485,Work
883.806.3963x8452,XAGO583094,Home
001-944-239-1649,PHGS776719,Mobile
369-534-2929,LEIG106903,Work
(603)330-1623,ATTY613273,Mobile
001-903-410-6153,KNLD269448,Work
(515)456-6847,RXRH171210,Home
265.633.7746,LQCJ770054,Work
5678200784,JTRE824674,Home
342-944-2607,SUZT996636,Other
(943)473-4764x273,FEBX368499,Work
6377638821,ODMA736077,Other
541.448.4601x91344,OUFS277423,Other
+1-578-402-0586x9507,HZCO456424,Work
746-344-9369,ISDE896599,Home
(979)533-5055x7385,NIPC246335,Home
(380)311-9236x03768,IGQI807520,Other
+1-387-623-3351x04096,PFHN929298,Work
+1-597-231-5391x1498,AVCK343324,Other
548.620.7365x1189,XVQC685054,Work
2656578201,YYPR819148,Other
422.630.2333,MQJU866618,Other
407.339.2013x546,UQOU209628,Mobile
(876)302-5082,MZOD815352,Other
423-612-6163,HCSA368900,Other
001-588-989-9572x989,XZHW802146,Other
(929)374-5493x03646,PMLR617932,Other
001-812-403-8187,CJQQ814311,Mobile
3825832308,NIPC246335,Work
+1-781-458-8144,YYJN753612,Mobile
(406)973-2318,BEDV306090,Other
268-215-7245,NNQE973270,Work
001-900-700-1529x11371,TTIT993933,Other
6906255618,JSKQ887947,Mobile
321-482-9987x478,KLFP636556,Mobile
(848)990-5670,PVJF799077,Mobile
7093004365,BHMF891775,Home
(684)582-6691x362,LFIY191380,Work
550-554-2960x80706,KCRF755394,Other
(699)287-9509x82210,SYZD256523,Work
664-481-8804,FGYM229258,Work
+1-377-838-3638,PGDE172715,Other
832-612-6942x894,NYYA375482,Mobile
(303)662-5863,BHMF891775,Other
001-841-570-6462x55402,SRQY649767,Home
001-655-682-4301x7646,QCDF880133,Other
798.480.3153x88824,XPYE870320,Home
790.550.4043x333,YDMG187328,Other
949.351.6321x11978,EIHT920116,Home
+1-509-433-9137,GZRT888167,Mobile
(353)906-0119x8756,NIPC246335,Other
368.480.0230x09156,OYOV725199,Work
+1-880-236-5774x491,GWEQ980271,Work
+1-336-659-5201x491,JHQI046084,Other
284-433-6875,GWEQ980271,Home
001-763-722-3998x21374,XPYE870320,Mobile
(511)940-4288x60505,HYQD664969,Other
(566)708-1126x0030,GEHQ223116,Work
(569)610-6271x5312,KFAM506373,Work
450-568-8269x17768,SADT358895,Home
544.901.3480x87354,JKZB189616,Home
+1-988-226-0335x91015,GZDK274205,Other
+1-908-659-9144x920,MQJU866618,Other
001-826-699-9699,ZBMU489090,Home
+1-799-871-8428,UNXK939836,Other
+1-593-425-9140x8499,ONHF909279,Work
212.834.2669,SUZT996636,Mobile
+1-508-672-6176x072,QDPW884795,Other
+1-438-293-5953,BWQE771812,Other
805-761-2996x5082,FPCV950052,Home
+1-726-841-8696,IKUZ086403,Home
+1-713-308-7612x3859,NCFA878057,Home
234-468-2394x840,WUHA147195,Work
530.308.6966x1016,MAJD644859,Home
239-650-0168,IGQI807520,Home
549-915-0762,MZOD815352,Home
+1-662-805-3440x7779,OXAH120735,Work
(707)226-6292,MTVH792374,Work
+1-317-676-0299,FUZK699611,Work
9685841333,JTRE824674,Home
925-352-3561,GMDP061713,Work
803.521.1920x613,KFAM506373,Mobile
652.677.8956x13371,BEDV306090,Mobile
390-829-5026x480,KIQO099861,Home
440-937-3416x781,IGQI807520,Work
001-378-522-1021x7982,ZWHP280512,Home
586-529-8579x736,IDRC563268,Home
982-285-6053,ZWHP280512,Other
498.266.1770x6736,BQDQ661794,Work
(306)882-1223x552,JSKQ887947,Work
+1-350-458-7146x92182,UZKS180339,Mobile
696-279-0898x43699,XPHM826911,Home
(620)650-9386,GMDP061713,Home
+1-924-295-9881x1457,QBVL626565,Other
001-471-252-3867x673,VVBC382412,Mobile
+1-874-461-9177x987,URIE498182,Mobile
+1-296-787-2258x937,KDYM808760,Other
+1-780-962-3504x05669,LZVZ289931,Home
001-700-612-4825,IVWL319433,Mobile
428-567-9632x594,CKFQ547815,Other
+1-428-694-6338x9156,KIRL741721,Work
452-485-7256,CHGF541107,Work
(893)735-8951x3818,ACIW843991,Mobile
(607)684-6850x957,CBIT670667,Other
303.949.1891,KFAM506373,Other
